active;cases;casesPerOneMillion;country;critical;date;deaths;recovered;todayCases;todayDeaths
10716;80849;;China;3226;2020-03-15;3199;66934;5;0
20603;24747;;Italy;1672;2020-03-15;1809;2335;3590;368
8624;13938;;Iran;0;2020-03-15;724;4590;1209;113
7253;8162;;S. Korea;59;2020-03-15;75;834;76;3
7034;7843;;Spain;272;2020-03-15;292;517;1452;96
5756;5813;;Germany;2;2020-03-15;11;46;1214;2
5284;5423;;France;400;2020-03-15;127;12;924;36
3540;3667;;USA;10;2020-03-15;68;59;724;11
2199;2217;;Switzerland;0;2020-03-15;14;4;842;1
1336;1391;;UK;20;2020-03-15;35;20;251;14
1250;1254;;Norway;27;2020-03-15;3;1;145;0
1113;1135;;Netherlands;45;2020-03-15;20;2;176;8
1036;1040;;Sweden;2;2020-03-15;3;1;79;1
881;886;;Belgium;33;2020-03-15;4;1;197;0
861;864;;Denmark;2;2020-03-15;2;1;28;1
853;860;;Austria;1;2020-03-15;1;6;205;0
671;839;;Japan;36;2020-03-15;24;144;35;2
233;696;;Diamond Princess;15;2020-03-15;7;456;0;0
386;428;;Malaysia;9;2020-03-15;0;42;190;0
397;401;;Qatar;0;2020-03-15;0;4;64;0
329;341;;Canada;1;2020-03-15;1;11;89;0
319;331;;Greece;5;2020-03-15;4;8;103;1
268;300;;Australia;1;2020-03-15;5;27;52;2
293;293;;Czechia;2;2020-03-15;0;0;104;0
243;245;;Portugal;9;2020-03-15;0;2;76;0
234;244;;Finland;0;2020-03-15;0;10;19;0
121;226;;Singapore;11;2020-03-15;0;105;14;0
218;219;;Slovenia;3;2020-03-15;1;0;38;0
137;214;;Bahrain;2;2020-03-15;0;77;2;0
209;213;;Israel;2;2020-03-15;0;4;20;0
199;200;;Brazil;2;2020-03-15;0;1;49;0
180;180;;Iceland;1;2020-03-15;0;0;19;0
170;171;;Estonia;0;2020-03-15;0;1;56;0
167;170;;Ireland;6;2020-03-15;2;1;41;0
64;149;;Hong Kong;4;2020-03-15;4;81;7;0
127;140;;Philippines;1;2020-03-15;11;2;29;3
130;139;;Romania;1;2020-03-15;0;9;16;0
97;126;;Egypt;0;2020-03-15;2;27;16;0
109;125;;Poland;3;2020-03-15;3;13;21;0
88;124;;Iraq;0;2020-03-15;10;26;14;0
116;118;;Saudi Arabia;0;2020-03-15;0;2;15;0
104;117;;Indonesia;0;2020-03-15;5;8;21;0
78;114;;Thailand;1;2020-03-15;1;35;32;0
97;112;;India;0;2020-03-15;2;13;12;0
103;112;;Kuwait;4;2020-03-15;0;9;8;0
98;109;;San Marino;11;2020-03-15;7;4;8;2
95;99;;Lebanon;3;2020-03-15;3;1;6;0
78;98;;UAE;2;2020-03-15;0;20;13;0
76;77;;Luxembourg;0;2020-03-15;1;0;26;0
75;75;;Chile;0;2020-03-15;0;0;14;0
71;71;;Peru;0;2020-03-15;0;0;28;0
55;63;;Russia;0;2020-03-15;0;8;4;0
61;61;;Slovakia;0;2020-03-15;0;0;17;0
61;61;;South Africa;0;2020-03-15;0;0;23;0
38;59;;Taiwan;0;2020-03-15;1;20;6;0
40;56;;Vietnam;0;2020-03-15;0;16;3;0
51;53;;Pakistan;0;2020-03-15;0;2;20;0
49;51;;Bulgaria;0;2020-03-15;2;0;10;0
50;50;;Brunei;0;2020-03-15;0;0;10;0
47;49;;Croatia;0;2020-03-15;0;2;10;0
34;48;;Algeria;0;2020-03-15;4;10;9;1
47;48;;Serbia;1;2020-03-15;0;1;2;0
44;46;;Argentina;1;2020-03-15;2;0;1;0
42;43;;Panama;0;2020-03-15;1;0;0;0
39;43;;Mexico;1;2020-03-15;0;4;17;0
41;42;;Albania;2;2020-03-15;1;0;4;0
38;38;;Palestine;0;2020-03-15;0;0;0;0
35;37;;Ecuador;1;2020-03-15;2;0;9;0
35;35;;Costa Rica;3;2020-03-15;0;0;8;0
34;34;;Colombia;0;2020-03-15;0;0;10;0
32;33;;Georgia;1;2020-03-15;0;1;3;0
33;33;;Cyprus;1;2020-03-15;0;0;7;0
30;32;;Hungary;0;2020-03-15;1;1;2;1
29;30;;Latvia;0;2020-03-15;0;1;4;0
26;28;;Morocco;1;2020-03-15;1;1;10;0
24;27;;Belarus;0;2020-03-15;0;3;0;0
26;26;;Armenia;0;2020-03-15;0;0;6;0
22;24;;Senegal;0;2020-03-15;0;2;0;0
24;24;;Bosnia and Herzegovina;0;2020-03-15;0;0;3;0
16;23;;Azerbaijan;0;2020-03-15;1;6;4;0
23;23;;Moldova;0;2020-03-15;0;0;11;0
13;22;;Oman;0;2020-03-15;0;9;2;0
19;21;;Malta;0;2020-03-15;0;2;3;0
20;20;;Tunisia;2;2020-03-15;0;0;2;0
18;19;;North Macedonia;0;2020-03-15;0;1;0;0
17;18;;Sri Lanka;0;2020-03-15;0;1;8;0
18;18;;Turkey;0;2020-03-15;0;0;12;0
17;17;;Venezuela;0;2020-03-15;0;0;15;0
15;16;;Afghanistan;0;2020-03-15;0;1;5;0
13;14;;Lithuania;0;2020-03-15;0;1;5;0
13;13;;Maldives;0;2020-03-15;0;0;3;0
11;12;;Cambodia;0;2020-03-15;0;1;5;0
1;11;;Macao;0;2020-03-15;0;10;1;0
11;11;;Dominican Republic;0;2020-03-15;0;0;0;0
11;11;;Faeroe Islands;0;2020-03-15;0;0;1;0
9;10;;Jordan;0;2020-03-15;0;1;9;0
10;10;;Bolivia;0;2020-03-15;0;0;0;0
8;10;;Jamaica;0;2020-03-15;0;2;2;0
10;10;;Martinique;0;2020-03-15;0;0;0;0
9;9;;Kazakhstan;0;2020-03-15;0;0;3;0
8;8;;New Zealand;0;2020-03-15;0;0;0;0
7;7;;French Guiana;0;2020-03-15;0;0;0;0
7;7;;Liechtenstein;0;2020-03-15;0;0;3;0
7;7;;Paraguay;1;2020-03-15;0;0;0;0
7;7;;Réunion;0;2020-03-15;0;0;1;0
6;6;;Ghana;0;2020-03-15;0;0;4;0
6;6;;Uruguay;0;2020-03-15;0;0;0;0
5;5;;Andorra;0;2020-03-15;0;0;4;0
3;5;;Bangladesh;0;2020-03-15;0;2;0;0
5;5;;Puerto Rico;0;2020-03-15;0;0;1;0
5;5;;Rwanda;0;2020-03-15;0;0;4;0
3;4;;Guyana;0;2020-03-15;1;0;3;0
4;4;;Cameroon;0;2020-03-15;0;0;1;0
4;4;;Ivory Coast;0;2020-03-15;0;0;2;0
4;4;;Cuba;0;2020-03-15;0;0;0;0
4;4;;Ethiopia;0;2020-03-15;0;0;3;0
4;4;;Uzbekistan;0;2020-03-15;0;0;4;0
2;3;;Ukraine;0;2020-03-15;1;0;0;0
3;3;;Burkina Faso;0;2020-03-15;0;0;1;0
3;3;;Channel Islands;0;2020-03-15;0;0;0;0
3;3;;French Polynesia;0;2020-03-15;0;0;0;0
3;3;;Guadeloupe;0;2020-03-15;0;0;0;0
3;3;;Guam;0;2020-03-15;0;0;3;0
3;3;;Honduras;0;2020-03-15;0;0;0;0
3;3;;Kenya;0;2020-03-15;0;0;2;0
3;3;;Seychelles;0;2020-03-15;0;0;1;0
2;2;;Monaco;0;2020-03-15;0;0;0;0
1;2;;Nigeria;0;2020-03-15;0;1;0;0
2;2;;Aruba;0;2020-03-15;0;0;0;0
2;2;;Curaçao;0;2020-03-15;0;0;0;0
2;2;;DRC;0;2020-03-15;0;0;0;0
2;2;;Namibia;0;2020-03-15;0;0;0;0
2;2;;Saint Lucia;0;2020-03-15;0;0;1;0
2;2;;Saint Martin;0;2020-03-15;0;0;0;0
2;2;;Trinidad and Tobago;0;2020-03-15;0;0;0;0
0;1;;Guatemala;0;2020-03-15;1;0;0;1
0;1;;Sudan;0;2020-03-15;1;0;0;0
0;1;;Nepal;0;2020-03-15;0;1;0;0
1;1;;Antigua and Barbuda;0;2020-03-15;0;0;0;0
1;1;;Bahamas;0;2020-03-15;0;0;1;0
1;1;;Bhutan;0;2020-03-15;0;0;0;0
1;1;;Cayman Islands;0;2020-03-15;0;0;0;0
1;1;;CAR;0;2020-03-15;0;0;1;0
1;1;;Congo;0;2020-03-15;0;0;1;0
1;1;;Equatorial Guinea;0;2020-03-15;0;0;0;0
1;1;;Gabon;0;2020-03-15;0;0;0;0
0;1;;Gibraltar;0;2020-03-15;0;1;0;0
1;1;;Guinea;0;2020-03-15;0;0;0;0
1;1;;Vatican City;0;2020-03-15;0;0;0;0
1;1;;Mauritania;0;2020-03-15;0;0;0;0
1;1;;Mayotte;0;2020-03-15;0;0;0;0
1;1;;Mongolia;0;2020-03-15;0;0;0;0
1;1;;St. Barth;0;2020-03-15;0;0;0;0
1;1;;St. Vincent Grenadines;0;2020-03-15;0;0;0;0
1;1;;Suriname;0;2020-03-15;0;0;0;0
1;1;;Eswatini;0;2020-03-15;0;0;0;0
1;1;;Togo;0;2020-03-15;0;0;0;0
1;1;;U.S. Virgin Islands;0;2020-03-15;0;0;0;0
9848;80880;;China;3226;2020-03-16;3213;67819;36;14
20603;24747;;Italy;1672;2020-03-16;1809;2335;0;0
9548;14991;;Iran;0;2020-03-16;853;4590;1053;129
8352;9191;;Spain;272;2020-03-16;309;530;1203;15
7024;8236;;S. Korea;59;2020-03-16;75;1137;74;0
6541;6612;;Germany;2;2020-03-16;13;58;799;0
5284;5423;;France;400;2020-03-16;127;12;0;0
3665;3808;;USA;12;2020-03-16;70;73;128;2
2199;2221;;Switzerland;0;2020-03-16;18;4;4;4
1387;1413;;Netherlands;45;2020-03-16;24;2;278;4
1336;1391;;UK;20;2020-03-16;35;20;0;0
1292;1296;;Norway;27;2020-03-16;3;1;40;0
1096;1103;;Sweden;2;2020-03-16;6;1;63;3
1052;1058;;Belgium;33;2020-03-16;5;1;172;1
1008;1018;;Austria;12;2020-03-16;2;8;158;1
893;898;;Denmark;10;2020-03-16;4;1;34;2
674;845;;Japan;36;2020-03-16;27;144;6;3
233;696;;Diamond Princess;15;2020-03-16;7;456;0;0
524;566;;Malaysia;9;2020-03-16;0;42;138;0
397;401;;Qatar;0;2020-03-16;0;4;0;0
343;375;;Australia;1;2020-03-16;5;27;75;0
329;341;;Canada;1;2020-03-16;1;11;0;0
319;331;;Greece;5;2020-03-16;4;8;0;0
328;331;;Portugal;9;2020-03-16;0;3;86;0
298;298;;Czechia;2;2020-03-16;0;0;5;0
268;278;;Finland;1;2020-03-16;0;10;34;0
251;255;;Israel;4;2020-03-16;0;4;42;0
252;253;;Slovenia;3;2020-03-16;1;0;34;0
134;243;;Singapore;11;2020-03-16;0;109;17;0
143;221;;Bahrain;1;2020-03-16;1;77;7;1
204;205;;Estonia;0;2020-03-16;0;1;34;0
201;203;;Brazil;2;2020-03-16;0;2;3;0
180;180;;Iceland;1;2020-03-16;0;0;0;0
163;170;;Ireland;6;2020-03-16;2;5;0;0
149;158;;Romania;1;2020-03-16;0;9;19;0
155;155;;Chile;0;2020-03-16;0;0;80;0
147;150;;Poland;3;2020-03-16;3;0;25;0
64;149;;Hong Kong;4;2020-03-16;4;81;0;0
111;147;;Thailand;1;2020-03-16;1;35;33;0
125;142;;Philippines;1;2020-03-16;12;5;2;0
134;136;;Pakistan;0;2020-03-16;0;2;83;0
121;134;;Indonesia;0;2020-03-16;5;8;17;0
114;129;;India;0;2020-03-16;2;13;15;0
92;126;;Egypt;0;2020-03-16;2;32;0;0
88;124;;Iraq;0;2020-03-16;10;26;0;0
114;123;;Kuwait;4;2020-03-16;0;9;11;0
112;118;;Saudi Arabia;0;2020-03-16;0;6;0;0
98;109;;San Marino;11;2020-03-16;7;4;0;0
105;109;;Lebanon;3;2020-03-16;3;1;0;0
75;98;;UAE;2;2020-03-16;0;23;0;0
85;93;;Russia;0;2020-03-16;0;8;30;0
85;86;;Peru;8;2020-03-16;0;1;15;0
80;81;;Luxembourg;10;2020-03-16;1;0;4;0
64;64;;South Africa;0;2020-03-16;0;0;3;0
63;63;;Slovakia;0;2020-03-16;0;0;2;0
38;59;;Taiwan;0;2020-03-16;1;20;0;0
43;59;;Vietnam;0;2020-03-16;0;16;2;0
54;57;;Croatia;0;2020-03-16;0;3;8;0
51;56;;Argentina;1;2020-03-16;2;3;0;0
54;55;;Panama;0;2020-03-16;1;0;0;0
54;55;;Serbia;2;2020-03-16;0;1;7;0
40;54;;Algeria;0;2020-03-16;4;10;0;0
54;54;;Brunei;1;2020-03-16;0;0;4;0
53;54;;Colombia;0;2020-03-16;0;1;20;0
49;53;;Mexico;1;2020-03-16;0;4;10;0
50;52;;Bulgaria;0;2020-03-16;2;0;1;0
50;51;;Albania;2;2020-03-16;1;0;9;0
37;39;;Hungary;0;2020-03-16;1;1;7;0
39;39;;Palestine;0;2020-03-16;0;0;1;0
35;37;;Ecuador;1;2020-03-16;2;0;0;0
33;36;;Belarus;0;2020-03-16;0;3;9;0
35;35;;Costa Rica;3;2020-03-16;0;0;0;0
33;34;;Latvia;0;2020-03-16;0;1;4;0
32;33;;Georgia;1;2020-03-16;0;1;0;0
33;33;;Cyprus;1;2020-03-16;0;0;0;0
29;30;;Armenia;2;2020-03-16;0;1;2;0
28;30;;Malta;0;2020-03-16;0;2;9;0
27;29;;Morocco;1;2020-03-16;1;1;1;0
18;25;;Azerbaijan;0;2020-03-16;1;6;2;0
22;24;;Senegal;0;2020-03-16;0;2;0;0
24;24;;Bosnia and Herzegovina;0;2020-03-16;0;0;0;0
23;23;;Moldova;1;2020-03-16;0;0;0;0
13;22;;Oman;0;2020-03-16;0;9;0;0
21;22;;Sri Lanka;0;2020-03-16;0;1;4;0
20;21;;Afghanistan;0;2020-03-16;0;1;5;0
20;20;;Tunisia;2;2020-03-16;0;0;0;0
18;19;;North Macedonia;0;2020-03-16;0;1;0;0
18;18;;Faeroe Islands;0;2020-03-16;0;0;7;0
18;18;;Turkey;0;2020-03-16;0;0;0;0
16;17;;Lithuania;0;2020-03-16;0;1;3;0
17;17;;Venezuela;0;2020-03-16;0;0;0;0
15;16;;Jordan;0;2020-03-16;0;1;4;0
15;15;;Burkina Faso;0;2020-03-16;0;0;12;0
13;15;;Jamaica;0;2020-03-16;0;2;5;0
15;15;;Martinique;0;2020-03-16;0;0;5;0
13;13;;Maldives;0;2020-03-16;0;0;0;0
11;12;;Cambodia;0;2020-03-16;0;1;0;0
1;11;;Macao;0;2020-03-16;0;10;0;0
11;11;;Dominican Republic;0;2020-03-16;0;0;0;0
11;11;;Bolivia;0;2020-03-16;0;0;1;0
11;11;;French Guiana;0;2020-03-16;0;0;4;0
10;10;;Kazakhstan;0;2020-03-16;0;0;1;0
9;9;;Réunion;0;2020-03-16;0;0;2;0
8;8;;New Zealand;0;2020-03-16;0;0;0;0
5;8;;Bangladesh;0;2020-03-16;0;3;3;0
8;8;;Paraguay;1;2020-03-16;0;0;0;0
8;8;;Uruguay;0;2020-03-16;0;0;2;0
6;7;;Guyana;0;2020-03-16;1;0;3;0
7;7;;Liechtenstein;0;2020-03-16;0;0;0;0
6;6;;Monaco;0;2020-03-16;0;0;4;0
6;6;;Channel Islands;0;2020-03-16;0;0;3;0
6;6;;Ghana;0;2020-03-16;0;0;0;0
6;6;;Guadeloupe;0;2020-03-16;0;0;1;0
6;6;;Honduras;0;2020-03-16;0;0;3;0
6;6;;Uzbekistan;0;2020-03-16;0;0;2;0
4;5;;Ukraine;0;2020-03-16;1;0;2;0
5;5;;Andorra;0;2020-03-16;0;0;0;0
5;5;;Ethiopia;0;2020-03-16;0;0;1;0
5;5;;Puerto Rico;0;2020-03-16;0;0;0;0
5;5;;Rwanda;0;2020-03-16;0;0;0;0
4;4;;Cameroon;0;2020-03-16;0;0;0;0
4;4;;Ivory Coast;0;2020-03-16;0;0;0;0
4;4;;Cuba;0;2020-03-16;0;0;0;0
4;4;;Trinidad and Tobago;0;2020-03-16;0;0;2;0
3;3;;French Polynesia;0;2020-03-16;0;0;0;0
3;3;;Guam;0;2020-03-16;0;0;0;0
3;3;;Kenya;0;2020-03-16;0;0;0;0
3;3;;St. Barth;0;2020-03-16;0;0;2;0
3;3;;Seychelles;0;2020-03-16;0;0;0;0
1;2;;Guatemala;0;2020-03-16;1;0;1;0
1;2;;Nigeria;0;2020-03-16;0;1;0;0
2;2;;Aruba;0;2020-03-16;0;0;0;0
2;2;;Curaçao;0;2020-03-16;0;0;0;0
2;2;;DRC;0;2020-03-16;0;0;0;0
2;2;;Namibia;0;2020-03-16;0;0;0;0
2;2;;Saint Lucia;0;2020-03-16;0;0;0;0
2;2;;Saint Martin;0;2020-03-16;0;0;0;0
0;1;;Cayman Islands;0;2020-03-16;1;0;0;1
0;1;;Sudan;0;2020-03-16;1;0;0;0
0;1;;Nepal;0;2020-03-16;0;1;0;0
1;1;;Antigua and Barbuda;0;2020-03-16;0;0;0;0
1;1;;Bahamas;0;2020-03-16;0;0;0;0
1;1;;Benin;0;2020-03-16;0;0;1;0
1;1;;Bhutan;0;2020-03-16;0;0;0;0
1;1;;CAR;0;2020-03-16;0;0;0;0
1;1;;Congo;0;2020-03-16;0;0;0;0
1;1;;Equatorial Guinea;0;2020-03-16;0;0;0;0
1;1;;Gabon;0;2020-03-16;0;0;0;0
0;1;;Gibraltar;0;2020-03-16;0;1;0;0
1;1;;Greenland;0;2020-03-16;0;0;1;0
1;1;;Guinea;0;2020-03-16;0;0;0;0
1;1;;Vatican City;0;2020-03-16;0;0;0;0
1;1;;Liberia;0;2020-03-16;0;0;1;0
1;1;;Mauritania;0;2020-03-16;0;0;0;0
1;1;;Mayotte;0;2020-03-16;0;0;0;0
1;1;;Mongolia;0;2020-03-16;0;0;0;0
1;1;;St. Vincent Grenadines;0;2020-03-16;0;0;0;0
1;1;;Somalia;0;2020-03-16;0;0;1;0
1;1;;Suriname;0;2020-03-16;0;0;0;0
1;1;;Eswatini;0;2020-03-16;0;0;0;0
1;1;;Tanzania;0;2020-03-16;0;0;1;0
1;1;;Togo;0;2020-03-16;0;0;0;0
1;1;;U.S. Virgin Islands;0;2020-03-16;0;0;0;0
8940;80881;;China;3226;2020-03-17;3226;68715;21;13
23073;27980;;Italy;1851;2020-03-17;2158;2749;0;0
9792;16169;;Iran;0;2020-03-17;988;5389;1178;135
9871;11409;;Spain;563;2020-03-17;510;1028;1467;168
8514;8604;;Germany;2;2020-03-17;23;67;1332;6
6838;8320;;S. Korea;59;2020-03-17;81;1401;84;6
6473;6633;;France;400;2020-03-17;148;12;0;0
5515;5686;;USA;12;2020-03-17;97;74;1023;11
2700;2742;;Switzerland;0;2020-03-17;27;15;389;8
1842;1950;;UK;20;2020-03-17;56;52;407;1
1660;1705;;Netherlands;45;2020-03-17;43;2;292;19
1440;1444;;Norway;27;2020-03-17;3;1;96;0
1320;1332;;Austria;12;2020-03-17;4;8;314;1
1219;1243;;Belgium;33;2020-03-17;10;14;185;0
1182;1191;;Sweden;12;2020-03-17;8;1;70;1
972;977;;Denmark;18;2020-03-17;4;1;63;0
705;878;;Japan;41;2020-03-17;29;144;45;1
233;696;;Diamond Princess;15;2020-03-17;7;456;0;0
622;673;;Malaysia;10;2020-03-17;2;49;107;2
420;452;;Australia;1;2020-03-17;5;27;51;0
433;449;;Canada;1;2020-03-17;5;11;8;1
444;448;;Portugal;18;2020-03-17;1;3;117;0
435;439;;Qatar;0;2020-03-17;0;4;0;0
393;396;;Czechia;2;2020-03-17;0;3;52;0
372;387;;Greece;11;2020-03-17;5;10;35;1
313;324;;Israel;5;2020-03-17;0;11;26;0
312;322;;Finland;2;2020-03-17;0;10;44;0
298;301;;Brazil;18;2020-03-17;1;2;67;1
274;275;;Slovenia;4;2020-03-17;1;0;22;0
152;266;;Singapore;14;2020-03-17;0;114;23;0
155;237;;Bahrain;3;2020-03-17;1;81;9;0
233;236;;Pakistan;0;2020-03-17;1;2;52;0
219;225;;Iceland;1;2020-03-17;1;5;26;1
224;225;;Estonia;0;2020-03-17;0;1;20;0
216;223;;Ireland;6;2020-03-17;2;5;0;0
203;222;;Romania;5;2020-03-17;0;19;54;0
216;221;;Poland;3;2020-03-17;5;0;44;1
201;201;;Chile;3;2020-03-17;0;0;45;0
170;187;;Philippines;1;2020-03-17;12;5;45;0
135;177;;Thailand;1;2020-03-17;1;41;30;0
159;172;;Indonesia;0;2020-03-17;5;8;38;0
165;171;;Saudi Arabia;0;2020-03-17;0;6;38;0
133;169;;Egypt;0;2020-03-17;4;32;3;0
77;162;;Hong Kong;4;2020-03-17;4;81;7;0
102;154;;Iraq;0;2020-03-17;11;41;21;1
125;142;;India;0;2020-03-17;3;14;13;1
139;140;;Luxembourg;10;2020-03-17;1;0;59;0
118;130;;Kuwait;4;2020-03-17;0;12;7;0
113;120;;Lebanon;3;2020-03-17;3;4;11;0
116;117;;Peru;8;2020-03-17;0;1;31;0
106;114;;Russia;0;2020-03-17;0;8;21;0
109;111;;Ecuador;2;2020-03-17;2;0;53;0
89;102;;San Marino;11;2020-03-17;9;4;0;2
72;98;;UAE;2;2020-03-17;0;26;0;0
84;84;;Slovakia;2;2020-03-17;0;0;12;0
78;82;;Mexico;1;2020-03-17;0;4;29;0
79;81;;Bulgaria;0;2020-03-17;2;0;19;0
56;77;;Taiwan;0;2020-03-17;1;20;10;0
71;72;;Armenia;2;2020-03-17;0;1;20;0
68;69;;Panama;7;2020-03-17;1;0;0;0
63;68;;Argentina;1;2020-03-17;2;3;3;0
62;67;;Croatia;0;2020-03-17;0;5;10;0
50;66;;Vietnam;0;2020-03-17;0;16;5;0
64;65;;Colombia;0;2020-03-17;0;1;11;0
64;65;;Serbia;4;2020-03-17;0;1;8;0
62;62;;South Africa;0;2020-03-17;0;0;0;0
45;60;;Algeria;0;2020-03-17;5;10;0;1
59;60;;Latvia;0;2020-03-17;0;1;26;0
56;56;;Brunei;1;2020-03-17;0;0;2;0
54;55;;Albania;2;2020-03-17;1;0;4;0
47;50;;Hungary;0;2020-03-17;1;2;11;0
47;47;;Faeroe Islands;0;2020-03-17;0;0;29;0
47;47;;Turkey;0;2020-03-17;0;0;0;0
46;46;;Cyprus;1;2020-03-17;0;0;0;0
43;44;;Sri Lanka;0;2020-03-17;0;1;16;0
41;41;;Costa Rica;3;2020-03-17;0;0;0;0
41;41;;Palestine;0;2020-03-17;0;0;2;0
35;38;;Morocco;1;2020-03-17;2;1;1;1
36;38;;Malta;0;2020-03-17;0;2;8;0
33;36;;Belarus;0;2020-03-17;0;3;0;0
34;35;;Jordan;0;2020-03-17;0;1;6;0
33;34;;Georgia;1;2020-03-17;0;1;1;0
32;33;;Cambodia;0;2020-03-17;0;1;21;0
33;33;;Kazakhstan;0;2020-03-17;0;0;23;0
33;33;;Venezuela;0;2020-03-17;0;0;16;0
29;30;;Moldova;1;2020-03-17;0;1;1;0
29;29;;Uruguay;0;2020-03-17;0;0;0;0
21;28;;Azerbaijan;0;2020-03-17;1;6;3;0
25;27;;Senegal;0;2020-03-17;0;2;0;0
25;27;;Bosnia and Herzegovina;0;2020-03-17;0;2;2;0
25;26;;North Macedonia;1;2020-03-17;0;1;2;0
12;24;;Oman;0;2020-03-17;0;12;0;0
23;24;;Tunisia;2;2020-03-17;0;1;0;0
21;22;;Afghanistan;0;2020-03-17;0;1;1;0
21;22;;Lithuania;1;2020-03-17;0;1;4;0
20;21;;Dominican Republic;0;2020-03-17;1;0;0;0
15;16;;Andorra;0;2020-03-17;0;1;2;0
14;15;;Martinique;0;2020-03-17;1;0;0;0
15;15;;Burkina Faso;0;2020-03-17;0;0;0;0
3;13;;Macao;0;2020-03-17;0;10;1;0
13;13;;Maldives;0;2020-03-17;0;0;0;0
12;12;;New Zealand;0;2020-03-17;0;0;4;0
10;12;;Jamaica;0;2020-03-17;0;2;0;0
11;11;;Bolivia;0;2020-03-17;0;0;0;0
11;11;;French Guiana;0;2020-03-17;0;0;0;0
11;11;;Uzbekistan;0;2020-03-17;0;0;3;0
6;10;;Bangladesh;0;2020-03-17;1;3;2;1
10;10;;Cameroon;0;2020-03-17;0;0;5;0
9;9;;Monaco;0;2020-03-17;0;0;0;0
9;9;;Paraguay;1;2020-03-17;0;0;1;0
9;9;;Réunion;0;2020-03-17;0;0;0;0
7;8;;Guatemala;0;2020-03-17;1;0;0;0
8;8;;Honduras;0;2020-03-17;0;0;2;0
6;7;;Guyana;0;2020-03-17;1;0;0;0
6;7;;Ukraine;0;2020-03-17;1;0;0;0
7;7;;Liechtenstein;0;2020-03-17;0;0;0;0
7;7;;Rwanda;0;2020-03-17;0;0;0;0
6;6;;Channel Islands;0;2020-03-17;0;0;0;0
6;6;;Ghana;0;2020-03-17;0;0;0;0
6;6;;Guadeloupe;0;2020-03-17;0;0;0;0
5;5;;Cuba;0;2020-03-17;0;0;1;0
5;5;;Ethiopia;0;2020-03-17;0;0;0;0
5;5;;Guam;0;2020-03-17;0;0;2;0
5;5;;Mongolia;0;2020-03-17;0;0;1;0
5;5;;Puerto Rico;0;2020-03-17;0;0;0;0
5;5;;Trinidad and Tobago;0;2020-03-17;0;0;1;0
4;4;;Ivory Coast;0;2020-03-17;0;0;0;0
4;4;;Kenya;0;2020-03-17;0;0;1;0
4;4;;Seychelles;0;2020-03-17;0;0;1;0
2;3;;Nigeria;0;2020-03-17;0;1;1;0
3;3;;Aruba;0;2020-03-17;0;0;1;0
3;3;;Curaçao;0;2020-03-17;0;0;1;0
3;3;;DRC;0;2020-03-17;0;0;0;0
3;3;;French Polynesia;0;2020-03-17;0;0;0;0
2;3;;Gibraltar;0;2020-03-17;0;1;0;0
3;3;;St. Barth;0;2020-03-17;0;0;0;0
2;2;;Barbados;0;2020-03-17;0;0;2;0
2;2;;Liberia;0;2020-03-17;0;0;1;0
2;2;;Namibia;0;2020-03-17;0;0;0;0
2;2;;Saint Lucia;0;2020-03-17;0;0;0;0
2;2;;Saint Martin;0;2020-03-17;0;0;0;0
2;2;;U.S. Virgin Islands;0;2020-03-17;0;0;1;0
0;1;;Cayman Islands;0;2020-03-17;1;0;0;0
0;1;;Sudan;0;2020-03-17;1;0;0;0
0;1;;Nepal;0;2020-03-17;0;1;0;0
1;1;;Antigua and Barbuda;0;2020-03-17;0;0;0;0
1;1;;Bahamas;0;2020-03-17;0;0;0;0
1;1;;Benin;0;2020-03-17;0;0;0;0
1;1;;Bhutan;0;2020-03-17;0;0;0;0
1;1;;CAR;0;2020-03-17;0;0;0;0
1;1;;Congo;0;2020-03-17;0;0;0;0
1;1;;Equatorial Guinea;0;2020-03-17;0;0;0;0
1;1;;Gabon;0;2020-03-17;0;0;0;0
1;1;;Greenland;0;2020-03-17;0;0;0;0
1;1;;Guinea;0;2020-03-17;0;0;0;0
1;1;;Vatican City;0;2020-03-17;0;0;0;0
1;1;;Mauritania;0;2020-03-17;0;0;0;0
1;1;;Mayotte;0;2020-03-17;0;0;0;0
1;1;;St. Vincent Grenadines;0;2020-03-17;0;0;0;0
1;1;;Somalia;0;2020-03-17;0;0;0;0
1;1;;Suriname;0;2020-03-17;0;0;0;0
1;1;;Eswatini;0;2020-03-17;0;0;0;0
1;1;;Tanzania;0;2020-03-17;0;0;0;0
1;1;;Togo;0;2020-03-17;0;0;0;0
8043;80894;;China;2622;2020-03-18;3237;69614;13;11
28710;35713;;Italy;2257;2020-03-18;2978;4025;4207;475
10516;17361;;Iran;0;2020-03-18;1135;5710;1192;147
12206;13910;;Spain;563;2020-03-18;623;1081;2084;90
11859;11973;;Germany;2;2020-03-18;28;86;2606;2
6789;8413;;S. Korea;59;2020-03-18;84;1540;93;3
6953;7730;;France;699;2020-03-18;175;602;0;0
7464;7687;;USA;12;2020-03-18;117;106;1276;8
3028;3076;;Switzerland;0;2020-03-18;33;15;334;6
2457;2626;;UK;20;2020-03-18;104;65;676;33
1991;2051;;Netherlands;45;2020-03-18;58;2;346;15
1633;1646;;Austria;12;2020-03-18;4;9;314;0
1550;1557;;Norway;27;2020-03-18;6;1;86;3
1441;1486;;Belgium;33;2020-03-18;14;31;243;4
1281;1292;;Sweden;12;2020-03-18;10;1;96;2
1052;1057;;Denmark;24;2020-03-18;4;1;80;0
726;899;;Japan;41;2020-03-18;29;144;21;0
728;790;;Malaysia;15;2020-03-18;2;60;117;0
249;712;;Diamond Princess;14;2020-03-18;7;456;0;0
636;642;;Portugal;18;2020-03-18;2;4;194;1
578;598;;Canada;1;2020-03-18;8;12;0;0
516;565;;Australia;1;2020-03-18;6;43;110;1
461;464;;Czechia;5;2020-03-18;0;3;30;0
438;442;;Qatar;0;2020-03-18;0;4;0;0
422;433;;Israel;6;2020-03-18;0;11;96;0
399;418;;Greece;13;2020-03-18;5;14;31;0
364;367;;Brazil;18;2020-03-18;1;2;21;0
349;359;;Finland;2;2020-03-18;0;10;37;0
199;313;;Singapore;14;2020-03-18;0;114;47;0
285;292;;Ireland;6;2020-03-18;2;5;0;0
281;287;;Poland;3;2020-03-18;5;1;49;0
285;286;;Slovenia;4;2020-03-18;1;0;11;0
269;272;;Pakistan;0;2020-03-18;1;2;25;1
241;260;;Romania;5;2020-03-18;0;19;43;0
257;258;;Estonia;1;2020-03-18;0;1;33;0
159;255;;Bahrain;3;2020-03-18;1;95;14;0
245;250;;Iceland;1;2020-03-18;0;5;3;0
232;238;;Saudi Arabia;0;2020-03-18;0;6;67;0
238;238;;Chile;3;2020-03-18;0;0;37;0
197;227;;Indonesia;0;2020-03-18;19;11;55;12
170;212;;Thailand;1;2020-03-18;1;41;35;0
201;203;;Luxembourg;1;2020-03-18;2;0;63;1
181;202;;Philippines;1;2020-03-18;17;4;15;3
164;196;;Egypt;0;2020-03-18;6;26;0;0
85;181;;Hong Kong;4;2020-03-18;4;92;13;0
111;164;;Iraq;0;2020-03-18;12;41;10;1
138;155;;India;0;2020-03-18;3;14;12;0
153;155;;Ecuador;2;2020-03-18;2;0;44;0
139;147;;Russia;0;2020-03-18;0;8;33;0
144;145;;Peru;8;2020-03-18;0;1;28;0
127;142;;Kuwait;4;2020-03-18;0;15;12;0
125;133;;Lebanon;3;2020-03-18;4;4;9;0
104;119;;San Marino;11;2020-03-18;11;4;0;0
116;116;;South Africa;0;2020-03-18;0;0;31;0
87;113;;UAE;2;2020-03-18;0;26;0;0
105;105;;Slovakia;2;2020-03-18;0;0;8;0
101;102;;Armenia;2;2020-03-18;0;1;24;0
79;100;;Taiwan;0;2020-03-18;1;20;23;0
97;98;;Turkey;0;2020-03-18;1;0;0;0
89;93;;Mexico;1;2020-03-18;0;4;11;0
92;93;;Colombia;0;2020-03-18;0;1;28;0
90;92;;Bulgaria;0;2020-03-18;2;0;11;0
88;89;;Serbia;4;2020-03-18;0;1;17;0
82;87;;Croatia;0;2020-03-18;0;5;18;0
85;86;;Panama;7;2020-03-18;1;0;17;0
74;79;;Argentina;1;2020-03-18;2;3;0;0
59;75;;Vietnam;0;2020-03-18;0;16;9;0
56;72;;Algeria;0;2020-03-18;6;10;11;1
70;71;;Latvia;0;2020-03-18;0;1;11;0
68;68;;Brunei;2;2020-03-18;0;0;12;0
57;59;;Albania;2;2020-03-18;2;0;4;1
55;58;;Hungary;4;2020-03-18;1;2;8;0
57;58;;Faeroe Islands;0;2020-03-18;0;1;11;0
51;52;;Jordan;0;2020-03-18;0;1;4;0
46;51;;Belarus;0;2020-03-18;0;5;15;0
48;51;;Sri Lanka;0;2020-03-18;0;3;7;0
50;50;;Costa Rica;3;2020-03-18;0;0;0;0
50;50;;Uruguay;0;2020-03-18;0;0;0;0
46;49;;Morocco;1;2020-03-18;2;1;5;0
49;49;;Cyprus;1;2020-03-18;0;0;0;0
46;48;;Malta;0;2020-03-18;0;2;10;0
44;44;;Palestine;0;2020-03-18;0;0;0;0
38;39;;Andorra;0;2020-03-18;0;1;0;0
37;39;;Bosnia and Herzegovina;0;2020-03-18;0;2;5;0
37;38;;Georgia;1;2020-03-18;0;1;4;0
36;36;;Kazakhstan;0;2020-03-18;0;0;3;0
36;36;;Venezuela;0;2020-03-18;0;0;3;0
34;35;;Cambodia;0;2020-03-18;0;1;2;0
34;35;;North Macedonia;1;2020-03-18;0;1;4;0
27;34;;Azerbaijan;0;2020-03-18;1;6;0;0
32;33;;Lithuania;1;2020-03-18;0;1;7;0
21;33;;Oman;0;2020-03-18;0;12;0;0
29;31;;Senegal;0;2020-03-18;0;2;4;0
28;30;;Moldova;2;2020-03-18;1;1;0;1
28;29;;Tunisia;2;2020-03-18;0;1;2;0
27;27;;Guadeloupe;0;2020-03-18;0;0;9;0
21;22;;Afghanistan;0;2020-03-18;0;1;0;0
20;21;;Dominican Republic;0;2020-03-18;1;0;0;0
19;20;;Burkina Faso;0;2020-03-18;1;0;5;1
20;20;;New Zealand;0;2020-03-18;0;0;0;0
18;19;;Martinique;0;2020-03-18;1;0;4;0
19;19;;Liechtenstein;0;2020-03-18;0;0;0;0
5;15;;Macao;0;2020-03-18;0;10;2;0
15;15;;Uzbekistan;0;2020-03-18;0;0;4;0
12;14;;Ukraine;0;2020-03-18;2;0;0;0
10;14;;Bangladesh;0;2020-03-18;1;3;4;1
11;13;;Jamaica;0;2020-03-18;0;2;0;0
13;13;;Maldives;0;2020-03-18;0;0;0;0
12;12;;Bolivia;0;2020-03-18;0;0;0;0
12;12;;Réunion;0;2020-03-18;0;0;3;0
11;11;;French Guiana;0;2020-03-18;0;0;0;0
11;11;;Paraguay;1;2020-03-18;0;0;2;0
10;10;;Cameroon;0;2020-03-18;0;0;0;0
10;10;;Cuba;0;2020-03-18;0;0;3;0
9;9;;Monaco;0;2020-03-18;0;0;0;0
9;9;;Honduras;0;2020-03-18;0;0;1;0
7;8;;Guatemala;0;2020-03-18;1;0;0;0
7;8;;Nigeria;0;2020-03-18;0;1;5;0
6;8;;Gibraltar;0;2020-03-18;0;2;5;0
8;8;;Guam;0;2020-03-18;0;0;3;0
8;8;;Rwanda;0;2020-03-18;0;0;1;0
7;7;;DRC;0;2020-03-18;0;0;4;0
7;7;;Ghana;0;2020-03-18;0;0;0;0
7;7;;Kenya;0;2020-03-18;0;0;3;0
7;7;;Trinidad and Tobago;0;2020-03-18;0;0;2;0
6;6;;Channel Islands;0;2020-03-18;0;0;0;0
5;6;;Ivory Coast;0;2020-03-18;0;1;2;0
6;6;;Ethiopia;0;2020-03-18;0;0;0;0
6;6;;Mongolia;0;2020-03-18;0;0;1;0
6;6;;Seychelles;0;2020-03-18;0;0;2;0
5;5;;Puerto Rico;0;2020-03-18;0;0;0;0
3;4;;Guyana;0;2020-03-18;1;0;0;0
4;4;;Aruba;0;2020-03-18;0;0;1;0
4;4;;Equatorial Guinea;0;2020-03-18;0;0;3;0
3;3;;Curaçao;0;2020-03-18;0;0;0;0
3;3;;French Polynesia;0;2020-03-18;0;0;0;0
3;3;;Gabon;0;2020-03-18;0;0;0;0
3;3;;Kyrgyzstan;0;2020-03-18;0;0;3;0
3;3;;Mayotte;0;2020-03-18;0;0;0;0
3;3;;St. Barth;0;2020-03-18;0;0;0;0
3;3;;Saint Martin;0;2020-03-18;0;0;1;0
3;3;;Tanzania;0;2020-03-18;0;0;2;0
1;2;;Sudan;0;2020-03-18;1;0;1;0
2;2;;Barbados;0;2020-03-18;0;0;0;0
2;2;;Benin;0;2020-03-18;0;0;1;0
2;2;;Greenland;0;2020-03-18;0;0;1;0
2;2;;Liberia;0;2020-03-18;0;0;0;0
2;2;;Mauritania;0;2020-03-18;0;0;1;0
2;2;;Montenegro;0;2020-03-18;0;0;0;0
2;2;;Namibia;0;2020-03-18;0;0;0;0
2;2;;New Caledonia;0;2020-03-18;0;0;2;0
2;2;;Saint Lucia;0;2020-03-18;0;0;0;0
2;2;;U.S. Virgin Islands;0;2020-03-18;0;0;0;0
2;2;;Zambia;0;2020-03-18;0;0;2;0
0;1;;Cayman Islands;0;2020-03-18;1;0;0;0
0;1;;Nepal;0;2020-03-18;0;1;0;0
1;1;;Antigua and Barbuda;0;2020-03-18;0;0;0;0
1;1;;Bahamas;0;2020-03-18;0;0;0;0
1;1;;Bhutan;0;2020-03-18;0;0;0;0
1;1;;CAR;0;2020-03-18;0;0;0;0
1;1;;Congo;0;2020-03-18;0;0;0;0
1;1;;Djibouti;0;2020-03-18;0;0;1;0
1;1;;Gambia;0;2020-03-18;0;0;0;0
1;1;;Guinea;0;2020-03-18;0;0;0;0
1;1;;Vatican City;0;2020-03-18;0;0;0;0
1;1;;Montserrat;0;2020-03-18;0;0;1;0
1;1;;St. Vincent Grenadines;0;2020-03-18;0;0;0;0
1;1;;Somalia;0;2020-03-18;0;0;0;0
1;1;;Suriname;0;2020-03-18;0;0;0;0
1;1;;Eswatini;0;2020-03-18;0;0;0;0
1;1;;Togo;0;2020-03-18;0;0;0;0
7263;80928;56.0;China;2274;2020-03-19;3245;70420;34;8
33190;41035;679.0;Italy;2498;2020-03-19;3405;4440;5322;427
11144;18407;219.0;Iran;0;2020-03-19;1284;5979;1046;149
15485;17395;372.0;Spain;800;2020-03-19;803;1107;2626;165
14388;14544;174.0;Germany;2;2020-03-19;43;113;2217;15
11075;11354;34.0;USA;64;2020-03-19;171;108;2095;21
8268;9134;140.0;France;931;2020-03-19;264;602;0;0
6527;8565;167.0;S. Korea;59;2020-03-19;91;1947;152;7
3888;3939;455.0;Switzerland;0;2020-03-19;36;15;824;3
2490;2692;40.0;UK;20;2020-03-19;137;65;66;33
2382;2460;144.0;Netherlands;45;2020-03-19;76;2;409;18
1998;2013;224.0;Austria;12;2020-03-19;6;9;367;2
1609;1795;155.0;Belgium;130;2020-03-19;21;165;309;7
1746;1754;324.0;Norway;27;2020-03-19;7;1;163;1
1412;1439;142.0;Sweden;21;2020-03-19;11;16;138;1
1144;1151;199.0;Denmark;30;2020-03-19;6;1;94;2
700;923;7.0;Japan;46;2020-03-19;32;191;9;3
823;900;28.0;Malaysia;15;2020-03-19;2;75;110;0
779;800;21.0;Canada;1;2020-03-19;10;11;73;1
778;785;77.0;Portugal;20;2020-03-19;3;4;143;1
178;712;0.0;Diamond Princess;14;2020-03-19;7;527;0;0
657;709;28.0;Australia;1;2020-03-19;6;46;113;0
691;694;65.0;Czechia;6;2020-03-19;0;3;172;0
526;534;3.0;Brazil;18;2020-03-19;6;2;5;2
516;529;61.0;Israel;6;2020-03-19;0;13;96;0
439;464;45.0;Greece;16;2020-03-19;6;19;46;1
438;453;2.0;Pakistan;0;2020-03-19;2;13;146;0
448;452;157.0;Qatar;0;2020-03-19;0;4;0;0
390;400;72.0;Finland;2;2020-03-19;0;10;41;0
359;366;74.0;Ireland;6;2020-03-19;2;5;0;0
221;345;59.0;Singapore;14;2020-03-19;0;124;32;0
342;342;18.0;Chile;6;2020-03-19;0;0;104;0
331;335;535.0;Luxembourg;1;2020-03-19;4;0;132;2
325;330;967.0;Iceland;1;2020-03-19;0;5;80;0
307;325;9.0;Poland;3;2020-03-19;5;13;38;0
318;319;153.0;Slovenia;6;2020-03-19;1;0;33;0
268;308;1.0;Indonesia;0;2020-03-19;25;15;81;6
176;277;163.0;Bahrain;4;2020-03-19;1;100;21;0
252;277;14.0;Romania;5;2020-03-19;0;25;17;0
229;272;4.0;Thailand;1;2020-03-19;1;42;60;0
266;267;201.0;Estonia;1;2020-03-19;0;1;9;0
230;238;7.0;Saudi Arabia;0;2020-03-19;0;8;0;0
233;234;7.0;Peru;7;2020-03-19;0;1;89;0
192;217;2.0;Philippines;1;2020-03-19;17;8;15;0
176;210;2.0;Egypt;0;2020-03-19;6;28;0;0
106;208;28.0;Hong Kong;4;2020-03-19;4;98;15;0
195;199;11.0;Ecuador;2;2020-03-19;3;1;31;0
190;199;1.0;Russia;0;2020-03-19;1;8;52;1
189;192;2.0;Turkey;0;2020-03-19;3;0;1;1
160;184;0.0;India;0;2020-03-19;4;20;15;1
116;177;4.0;Iraq;0;2020-03-19;12;49;13;0
150;150;3.0;South Africa;0;2020-03-19;0;0;34;0
141;149;22.0;Lebanon;3;2020-03-19;4;4;16;0
130;148;35.0;Kuwait;5;2020-03-19;0;18;6;0
122;140;4126.0;San Marino;11;2020-03-19;14;4;0;0
109;140;14.0;UAE;2;2020-03-19;0;31;27;0
124;124;23.0;Slovakia;2;2020-03-19;0;0;19;0
121;122;41.0;Armenia;2;2020-03-19;0;1;12;0
113;118;0.0;Mexico;1;2020-03-19;1;4;25;1
108;109;25.0;Panama;7;2020-03-19;1;0;0;0
81;108;5.0;Taiwan;0;2020-03-19;1;26;8;0
107;108;2.0;Colombia;0;2020-03-19;0;1;15;0
104;107;15.0;Bulgaria;0;2020-03-19;3;0;15;1
99;105;26.0;Croatia;0;2020-03-19;1;5;16;1
102;103;12.0;Serbia;4;2020-03-19;0;1;14;0
91;97;2.0;Argentina;0;2020-03-19;3;3;0;1
49;90;2.0;Algeria;0;2020-03-19;9;32;15;2
85;86;46.0;Latvia;0;2020-03-19;0;1;15;0
79;79;23.0;Uruguay;0;2020-03-19;0;0;0;0
60;76;0.0;Vietnam;0;2020-03-19;0;16;0;0
70;73;8.0;Hungary;4;2020-03-19;1;2;15;0
73;73;167.0;Brunei;2;2020-03-19;0;0;5;0
71;72;1474.0;Faeroe Islands;0;2020-03-19;0;1;14;0
68;69;14.0;Costa Rica;2;2020-03-19;1;0;0;0
68;69;7.0;Jordan;0;2020-03-19;0;1;13;0
67;67;55.0;Cyprus;1;2020-03-19;0;0;9;0
62;64;22.0;Albania;2;2020-03-19;2;0;5;0
61;63;19.0;Bosnia and Herzegovina;0;2020-03-19;0;2;24;0
57;61;2.0;Morocco;1;2020-03-19;2;2;7;0
57;60;3.0;Sri Lanka;0;2020-03-19;0;3;9;0
52;53;686.0;Andorra;0;2020-03-19;0;1;0;0
51;53;120.0;Malta;0;2020-03-19;0;2;5;0
46;51;5.0;Belarus;0;2020-03-19;0;5;0;0
47;49;12.0;Moldova;3;2020-03-19;1;1;13;0
48;49;24.0;North Macedonia;1;2020-03-19;0;1;6;0
47;47;9.0;Palestine;0;2020-03-19;0;0;3;0
36;44;4.0;Azerbaijan;0;2020-03-19;1;7;10;0
44;44;2.0;Kazakhstan;0;2020-03-19;0;0;8;0
40;41;15.0;Lithuania;1;2020-03-19;0;1;7;0
39;40;10.0;Georgia;1;2020-03-19;0;1;2;0
37;39;3.0;Tunisia;2;2020-03-19;1;1;10;1
26;39;8.0;Oman;0;2020-03-19;0;13;0;0
36;37;2.0;Cambodia;0;2020-03-19;0;1;0;0
34;36;2.0;Senegal;0;2020-03-19;0;2;0;0
36;36;1.0;Venezuela;0;2020-03-19;0;0;0;0
32;34;3.0;Dominican Republic;0;2020-03-19;2;0;0;0
32;33;2.0;Burkina Faso;0;2020-03-19;1;0;6;0
33;33;82.0;Guadeloupe;0;2020-03-19;0;0;0;0
28;28;6.0;New Zealand;0;2020-03-19;0;0;8;0
28;28;734.0;Liechtenstein;0;2020-03-19;0;0;0;0
22;23;61.0;Martinique;0;2020-03-19;1;0;0;0
23;23;0.0;Uzbekistan;0;2020-03-19;0;0;5;0
21;22;0.0;Afghanistan;0;2020-03-19;0;1;0;0
19;19;21.0;Réunion;0;2020-03-19;0;0;5;0
16;18;0.0;Ukraine;0;2020-03-19;2;0;2;0
14;18;0.0;Bangladesh;0;2020-03-19;1;3;4;0
7;17;26.0;Macao;0;2020-03-19;0;10;0;0
12;15;5.0;Jamaica;0;2020-03-19;1;2;0;0
15;15;1.0;Bolivia;0;2020-03-19;0;0;3;0
15;15;50.0;French Guiana;0;2020-03-19;0;0;0;0
14;14;0.0;DRC;0;2020-03-19;0;0;7;0
13;13;0.0;Cameroon;0;2020-03-19;0;0;0;0
13;13;24.0;Maldives;0;2020-03-19;0;0;0;0
11;12;0.0;Nigeria;0;2020-03-19;0;1;4;0
12;12;71.0;Guam;0;2020-03-19;0;0;4;0
12;12;1.0;Honduras;0;2020-03-19;0;0;3;0
10;11;1.0;Cuba;0;2020-03-19;1;0;1;0
11;11;0.0;Ghana;0;2020-03-19;0;0;4;0
11;11;2.0;Paraguay;1;2020-03-19;0;0;0;0
11;11;0.0;Rwanda;0;2020-03-19;0;0;0;0
10;10;255.0;Monaco;0;2020-03-19;0;0;1;0
10;10;16.0;Montenegro;0;2020-03-19;0;0;2;0
8;9;0.0;Guatemala;0;2020-03-19;1;0;1;0
8;9;0.0;Ivory Coast;0;2020-03-19;0;1;0;0
9;9;6.0;Trinidad and Tobago;0;2020-03-19;0;0;2;0
6;8;237.0;Gibraltar;0;2020-03-19;0;2;0;0
7;7;40.0;Channel Islands;0;2020-03-19;0;0;0;0
7;7;0.0;Ethiopia;0;2020-03-19;0;0;1;0
7;7;0.0;Kenya;0;2020-03-19;0;0;0;0
6;6;21.0;French Polynesia;0;2020-03-19;0;0;1;0
6;6;2.0;Mongolia;0;2020-03-19;0;0;0;0
6;6;2.0;Puerto Rico;0;2020-03-19;0;0;0;0
6;6;61.0;Seychelles;0;2020-03-19;0;0;0;0
6;6;0.0;Tanzania;0;2020-03-19;0;0;3;0
4;5;6.0;Guyana;0;2020-03-19;1;0;1;0
4;5;47.0;Aruba;0;2020-03-19;0;1;1;0
4;4;3.0;Equatorial Guinea;0;2020-03-19;0;0;0;0
2;3;18.0;Curaçao;0;2020-03-19;1;0;0;1
3;3;8.0;Bahamas;0;2020-03-19;0;0;2;0
3;3;1.0;Gabon;0;2020-03-19;0;0;0;0
3;3;0.0;Kyrgyzstan;0;2020-03-19;0;0;0;0
3;3;2.0;Mauritius;0;2020-03-19;0;0;0;0
3;3;11.0;Mayotte;0;2020-03-19;0;0;0;0
3;3;304.0;St. Barth;0;2020-03-19;0;0;0;0
3;3;78.0;Saint Martin;0;2020-03-19;0;0;0;0
3;3;29.0;U.S. Virgin Islands;0;2020-03-19;0;0;1;0
1;2;0.0;Sudan;0;2020-03-19;1;0;0;0
2;2;7.0;Barbados;0;2020-03-19;0;0;0;0
2;2;0.0;Benin;0;2020-03-19;0;0;0;0
2;2;32.0;Bermuda;0;2020-03-19;0;0;0;0
2;2;35.0;Greenland;0;2020-03-19;0;0;0;0
2;2;0.0;Liberia;0;2020-03-19;0;0;0;0
2;2;0.0;Mauritania;0;2020-03-19;0;0;0;0
2;2;0.0;Namibia;0;2020-03-19;0;0;0;0
2;2;7.0;New Caledonia;0;2020-03-19;0;0;0;0
2;2;11.0;Saint Lucia;0;2020-03-19;0;0;0;0
2;2;0.0;Zambia;0;2020-03-19;0;0;0;0
0;1;15.0;Cayman Islands;0;2020-03-19;1;0;0;0
0;1;0.0;Nepal;0;2020-03-19;0;1;0;0
1;1;10.0;Antigua and Barbuda;0;2020-03-19;0;0;0;0
1;1;1.0;Bhutan;0;2020-03-19;0;0;0;0
1;1;0.0;CAR;0;2020-03-19;0;0;0;0
1;1;0.0;Chad;0;2020-03-19;0;0;1;0
1;1;0.0;Congo;0;2020-03-19;0;0;0;0
1;1;1.0;Djibouti;0;2020-03-19;0;0;0;0
1;1;0.0;El Salvador;0;2020-03-19;0;0;1;0
1;1;1.0;Fiji;0;2020-03-19;0;0;1;0
1;1;0.0;Gambia;0;2020-03-19;0;0;0;0
1;1;0.0;Guinea;0;2020-03-19;0;0;0;0
1;1;1248.0;Vatican City;0;2020-03-19;0;0;0;0
1;1;200.0;Montserrat;0;2020-03-19;0;0;0;0
1;1;0.0;Nicaragua;0;2020-03-19;0;0;1;0
1;1;9.0;St. Vincent Grenadines;0;2020-03-19;0;0;0;0
1;1;23.0;Sint Maarten;0;2020-03-19;0;0;0;0
1;1;0.0;Somalia;0;2020-03-19;0;0;0;0
1;1;2.0;Suriname;0;2020-03-19;0;0;0;0
1;1;0.0;Eswatini;0;2020-03-19;0;0;0;0
1;1;0.0;Togo;0;2020-03-19;0;0;0;0
6013;81008;56.0;China;1927;2020-03-20;3255;71740;41;7
37860;47021;778.0;Italy;2655;2020-03-20;4032;5129;5986;627
18829;21510;460.0;Spain;939;2020-03-20;1093;1588;3433;262
19600;19848;237.0;Germany;2;2020-03-20;68;180;4528;24
11466;19644;234.0;Iran;0;2020-03-20;1433;6745;1237;149
18990;19393;59.0;USA;64;2020-03-20;256;147;5604;49
10575;12612;193.0;France;1297;2020-03-20;450;1587;1617;78
6325;8652;169.0;S. Korea;59;2020-03-20;94;2233;87;3
5336;5407;625.0;Switzerland;0;2020-03-20;56;15;1185;13
3741;3983;59.0;UK;20;2020-03-20;177;65;714;33
2886;2994;175.0;Netherlands;210;2020-03-20;106;2;534;30
2634;2649;294.0;Austria;14;2020-03-20;6;9;470;0
2016;2257;195.0;Belgium;164;2020-03-20;37;204;462;16
1949;1957;361.0;Norway;27;2020-03-20;7;1;167;0
1607;1639;162.0;Sweden;21;2020-03-20;16;16;200;5
1245;1255;217.0;Denmark;37;2020-03-20;9;1;104;3
1051;1077;29.0;Canada;1;2020-03-20;12;14;204;0
940;1030;32.0;Malaysia;26;2020-03-20;3;87;130;1
1009;1020;100.0;Portugal;26;2020-03-20;6;5;234;2
957;970;5.0;Brazil;18;2020-03-20;11;2;330;4
715;963;8.0;Japan;50;2020-03-20;33;215;20;0
824;877;34.0;Australia;2;2020-03-20;7;46;121;0
829;833;78.0;Czechia;6;2020-03-20;0;4;139;0
177;712;0.0;Diamond Princess;14;2020-03-20;8;527;0;1
689;705;81.0;Israel;10;2020-03-20;1;15;28;1
675;683;138.0;Ireland;6;2020-03-20;3;5;126;0
661;670;8.0;Turkey;0;2020-03-20;9;0;311;5
485;501;2.0;Pakistan;0;2020-03-20;3;13;47;1
466;495;47.0;Greece;20;2020-03-20;10;19;31;4
473;484;773.0;Luxembourg;1;2020-03-20;5;6;149;1
460;470;163.0;Qatar;6;2020-03-20;0;10;10;0
440;450;81.0;Finland;2;2020-03-20;0;10;50;0
428;434;23.0;Chile;7;2020-03-20;0;6;92;0
416;426;24.0;Ecuador;2;2020-03-20;7;3;166;4
407;425;11.0;Poland;3;2020-03-20;5;13;70;0
404;409;1199.0;Iceland;1;2020-03-20;0;5;79;0
254;385;66.0;Singapore;14;2020-03-20;0;131;40;0
320;369;1.0;Indonesia;0;2020-03-20;32;17;60;7
336;344;10.0;Saudi Arabia;0;2020-03-20;0;8;70;0
340;341;164.0;Slovenia;9;2020-03-20;1;0;22;0
279;322;5.0;Thailand;1;2020-03-20;1;42;50;0
277;308;16.0;Romania;11;2020-03-20;0;31;31;0
172;298;175.0;Bahrain;4;2020-03-20;1;125;19;0
235;285;3.0;Egypt;0;2020-03-20;8;42;29;1
282;283;213.0;Estonia;1;2020-03-20;0;1;16;0
258;263;8.0;Peru;5;2020-03-20;4;1;29;3
154;256;34.0;Hong Kong;4;2020-03-20;4;98;48;0
240;253;2.0;Russia;0;2020-03-20;1;12;54;0
221;249;0.0;India;0;2020-03-20;5;23;55;1
204;230;2.0;Philippines;1;2020-03-20;18;8;13;1
142;208;5.0;Iraq;0;2020-03-20;17;49;16;4
202;202;3.0;South Africa;0;2020-03-20;0;0;52;0
198;200;46.0;Panama;7;2020-03-20;1;1;63;0
169;177;26.0;Lebanon;3;2020-03-20;4;4;20;0
159;164;1.0;Mexico;1;2020-03-20;1;4;46;0
137;159;37.0;Kuwait;5;2020-03-20;0;22;11;0
152;158;3.0;Argentina;0;2020-03-20;3;3;30;0
144;145;3.0;Colombia;0;2020-03-20;0;1;37;0
126;144;4244.0;San Marino;12;2020-03-20;14;4;0;0
107;140;14.0;UAE;2;2020-03-20;2;31;0;2
137;137;25.0;Slovakia;2;2020-03-20;0;0;13;0
135;136;46.0;Armenia;2;2020-03-20;0;1;14;0
105;135;6.0;Taiwan;0;2020-03-20;2;28;27;1
132;135;15.0;Serbia;4;2020-03-20;1;2;32;1
124;130;32.0;Croatia;0;2020-03-20;1;5;20;0
123;127;18.0;Bulgaria;0;2020-03-20;3;1;20;0
109;113;22.0;Costa Rica;2;2020-03-20;2;2;26;1
110;111;59.0;Latvia;0;2020-03-20;0;1;25;0
110;110;32.0;Uruguay;0;2020-03-20;0;0;31;0
51;94;2.0;Algeria;0;2020-03-20;11;32;4;2
74;91;0.0;Vietnam;0;2020-03-20;0;17;6;0
87;89;27.0;Bosnia and Herzegovina;1;2020-03-20;0;2;25;0
74;85;9.0;Hungary;6;2020-03-20;4;7;12;3
84;85;8.0;Jordan;0;2020-03-20;0;1;16;0
77;80;1637.0;Faeroe Islands;0;2020-03-20;0;3;8;0
74;79;2.0;Morocco;1;2020-03-20;3;2;16;1
77;78;178.0;Brunei;2;2020-03-20;0;1;5;0
75;76;36.0;North Macedonia;1;2020-03-20;0;1;26;0
74;75;971.0;Andorra;2;2020-03-20;0;1;1;0
75;75;62.0;Cyprus;1;2020-03-20;0;0;8;0
70;73;3.0;Sri Lanka;0;2020-03-20;0;3;13;0
70;72;7.0;Dominican Republic;0;2020-03-20;2;0;38;0
66;70;24.0;Albania;2;2020-03-20;2;2;6;0
54;69;7.0;Belarus;0;2020-03-20;0;15;18;0
64;66;16.0;Moldova;3;2020-03-20;1;1;17;0
64;65;2.0;Venezuela;0;2020-03-20;0;1;23;0
62;64;145.0;Malta;1;2020-03-20;0;2;11;0
62;63;23.0;Lithuania;1;2020-03-20;0;1;15;0
52;54;5.0;Tunisia;7;2020-03-20;1;1;15;0
53;53;11.0;New Zealand;0;2020-03-20;0;0;25;0
52;52;3.0;Kazakhstan;0;2020-03-20;0;0;8;0
50;51;3.0;Cambodia;0;2020-03-20;0;1;14;0
35;48;9.0;Oman;0;2020-03-20;0;13;0;0
31;48;9.0;Palestine;0;2020-03-20;0;17;1;0
42;47;3.0;Senegal;0;2020-03-20;0;5;11;0
45;45;112.0;Guadeloupe;0;2020-03-20;0;0;12;0
36;44;4.0;Azerbaijan;0;2020-03-20;1;7;0;0
43;44;11.0;Georgia;1;2020-03-20;0;1;4;0
37;41;0.0;Ukraine;0;2020-03-20;3;1;15;0
35;40;2.0;Burkina Faso;0;2020-03-20;1;4;7;0
33;33;1.0;Uzbekistan;0;2020-03-20;0;0;10;0
31;32;85.0;Martinique;7;2020-03-20;1;0;9;0
28;28;734.0;Liechtenstein;0;2020-03-20;0;0;0;0
28;28;31.0;Réunion;0;2020-03-20;0;0;0;0
23;24;0.0;Afghanistan;0;2020-03-20;0;1;2;0
24;24;2.0;Honduras;0;2020-03-20;0;0;12;0
20;21;2.0;Cuba;0;2020-03-20;1;0;10;0
16;20;0.0;Bangladesh;1;2020-03-20;1;3;2;0
18;20;0.0;Cameroon;0;2020-03-20;0;2;7;0
16;19;6.0;Jamaica;0;2020-03-20;1;2;4;0
18;18;0.0;DRC;0;2020-03-20;0;0;4;0
18;18;3.0;Paraguay;1;2020-03-20;0;0;5;0
7;17;26.0;Macao;0;2020-03-20;0;10;0;0
17;17;1.0;Rwanda;0;2020-03-20;0;0;6;0
16;16;1.0;Bolivia;0;2020-03-20;0;0;1;0
16;16;0.0;Ghana;0;2020-03-20;0;0;5;0
14;15;19.0;Guyana;0;2020-03-20;1;0;10;0
15;15;50.0;French Guiana;0;2020-03-20;0;0;0;0
14;14;83.0;Guam;0;2020-03-20;0;0;2;0
14;14;22.0;Montenegro;0;2020-03-20;0;0;1;0
14;14;5.0;Puerto Rico;0;2020-03-20;0;0;8;0
11;13;24.0;Maldives;0;2020-03-20;0;2;0;0
11;12;0.0;Guatemala;0;2020-03-20;1;0;3;0
11;12;0.0;Nigeria;0;2020-03-20;0;1;0;0
12;12;69.0;Channel Islands;0;2020-03-20;0;0;1;0
12;12;9.0;Mauritius;0;2020-03-20;0;0;5;0
11;11;280.0;Monaco;0;2020-03-20;0;0;1;0
11;11;39.0;French Polynesia;0;2020-03-20;0;0;5;0
8;10;297.0;Gibraltar;0;2020-03-20;0;2;0;0
8;9;0.0;Ivory Coast;0;2020-03-20;0;1;0;0
9;9;0.0;Ethiopia;0;2020-03-20;0;0;2;0
9;9;1.0;Togo;0;2020-03-20;0;0;8;0
9;9;6.0;Trinidad and Tobago;0;2020-03-20;0;0;0;0
7;7;0.0;Kenya;0;2020-03-20;0;0;0;0
7;7;71.0;Seychelles;0;2020-03-20;0;0;1;0
6;6;21.0;Barbados;0;2020-03-20;0;0;1;0
6;6;4.0;Equatorial Guinea;0;2020-03-20;0;0;0;0
6;6;0.0;Kyrgyzstan;0;2020-03-20;0;0;3;0
6;6;22.0;Mayotte;0;2020-03-20;0;0;2;0
6;6;2.0;Mongolia;0;2020-03-20;0;0;0;0
6;6;0.0;Tanzania;0;2020-03-20;0;0;0;0
4;5;47.0;Aruba;0;2020-03-20;0;1;0;0
3;4;2.0;Gabon;0;2020-03-20;1;0;1;1
4;4;10.0;Bahamas;0;2020-03-20;0;0;1;0
4;4;103.0;Saint Martin;0;2020-03-20;0;0;1;0
4;4;7.0;Suriname;0;2020-03-20;0;0;3;0
2;3;46.0;Cayman Islands;0;2020-03-20;1;0;0;0
2;3;18.0;Curaçao;0;2020-03-20;1;0;0;0
3;3;0.0;CAR;0;2020-03-20;0;0;2;0
3;3;0.0;Congo;0;2020-03-20;0;0;0;0
3;3;0.0;Madagascar;0;2020-03-20;0;0;3;0
3;3;1.0;Namibia;0;2020-03-20;0;0;0;0
3;3;304.0;St. Barth;0;2020-03-20;0;0;0;0
3;3;29.0;U.S. Virgin Islands;0;2020-03-20;0;0;0;0
1;2;0.0;Sudan;0;2020-03-20;1;0;0;0
2;2;0.0;Benin;0;2020-03-20;0;0;0;0
2;2;32.0;Bermuda;0;2020-03-20;0;0;0;0
2;2;3.0;Bhutan;0;2020-03-20;0;0;1;0
2;2;35.0;Greenland;0;2020-03-20;0;0;0;0
2;2;0.0;Guinea;0;2020-03-20;0;0;1;0
2;2;0.0;Haiti;0;2020-03-20;0;0;2;0
2;2;24.0;Isle of Man;0;2020-03-20;0;0;1;0
2;2;0.0;Liberia;0;2020-03-20;0;0;0;0
2;2;0.0;Mauritania;0;2020-03-20;0;0;0;0
2;2;7.0;New Caledonia;0;2020-03-20;0;0;0;0
2;2;0.0;Nicaragua;0;2020-03-20;0;0;1;0
2;2;11.0;Saint Lucia;0;2020-03-20;0;0;0;0
2;2;0.0;Zambia;0;2020-03-20;0;0;0;0
0;1;0.0;Nepal;0;2020-03-20;0;1;0;0
1;1;0.0;Angola;0;2020-03-20;0;0;1;0
1;1;10.0;Antigua and Barbuda;0;2020-03-20;0;0;0;0
1;1;2.0;Cabo Verde;0;2020-03-20;0;0;1;0
1;1;0.0;Chad;0;2020-03-20;0;0;0;0
1;1;1.0;Djibouti;0;2020-03-20;0;0;0;0
1;1;0.0;El Salvador;0;2020-03-20;0;0;0;0
1;1;1.0;Fiji;0;2020-03-20;0;0;0;0
1;1;0.0;Gambia;0;2020-03-20;0;0;0;0
1;1;1248.0;Vatican City;0;2020-03-20;0;0;0;0
1;1;200.0;Montserrat;0;2020-03-20;0;0;0;0
1;1;0.0;Niger;0;2020-03-20;0;0;0;0
1;1;0.0;Papua New Guinea;0;2020-03-20;0;0;1;0
1;1;9.0;St. Vincent Grenadines;0;2020-03-20;0;0;0;0
1;1;23.0;Sint Maarten;0;2020-03-20;0;0;0;0
1;1;0.0;Somalia;0;2020-03-20;0;0;0;0
1;1;0.0;Eswatini;0;2020-03-20;0;0;0;0
1;1;0.0;Zimbabwe;0;2020-03-20;0;0;1;0
6013;81008;56.0;China;1927;2020-03-21;3255;71740;41;7
42681;53578;886.0;Italy;2857;2020-03-21;4825;6072;6557;793
21871;25374;543.0;Spain;1612;2020-03-21;1378;2125;3803;285
23683;24142;73.0;USA;64;2020-03-21;288;171;4759;32
21920;22213;265.0;Germany;2;2020-03-21;84;209;2365;16
11419;20610;245.0;Iran;0;2020-03-21;1556;7635;966;123
12310;14459;222.0;France;1525;2020-03-21;562;1587;1847;112
6085;8799;172.0;S. Korea;59;2020-03-21;102;2612;147;8
6575;6665;770.0;Switzerland;141;2020-03-21;75;15;1050;19
4692;5018;74.0;UK;20;2020-03-21;233;93;1035;56
3493;3631;212.0;Netherlands;354;2020-03-21;136;2;637;30
2936;2953;328.0;Austria;15;2020-03-21;8;9;304;2
2485;2815;243.0;Belgium;288;2020-03-21;67;263;558;30
2129;2142;395.0;Norway;28;2020-03-21;7;6;183;0
1728;1764;175.0;Sweden;69;2020-03-21;20;16;125;4
1312;1326;229.0;Denmark;42;2020-03-21;13;1;71;4
1263;1280;126.0;Portugal;26;2020-03-21;12;5;260;6
1173;1205;32.0;Canada;1;2020-03-21;18;14;118;6
1061;1183;37.0;Malaysia;26;2020-03-21;8;114;153;5
1019;1072;42.0;Australia;2;2020-03-21;7;46;144;0
795;1046;8.0;Japan;55;2020-03-21;36;215;39;1
1008;1028;5.0;Brazil;18;2020-03-21;18;2;58;7
989;995;93.0;Czechia;7;2020-03-21;0;6;162;0
926;947;11.0;Turkey;0;2020-03-21;21;0;277;12
846;883;102.0;Israel;15;2020-03-21;1;36;178;0
777;785;159.0;Ireland;13;2020-03-21;3;5;102;0
718;734;3.0;Pakistan;0;2020-03-21;3;13;233;0
137;712;0.0;Diamond Princess;15;2020-03-21;8;567;0;0
656;670;1070.0;Luxembourg;3;2020-03-21;8;6;186;3
528;537;28.0;Chile;7;2020-03-21;1;8;103;1
518;536;14.0;Poland;3;2020-03-21;5;13;111;0
498;530;51.0;Greece;20;2020-03-21;13;19;35;3
512;523;94.0;Finland;2;2020-03-21;1;10;73;1
496;506;29.0;Ecuador;2;2020-03-21;7;3;80;0
454;481;167.0;Qatar;6;2020-03-21;0;27;11;0
467;473;1386.0;Iceland;1;2020-03-21;1;5;64;1
392;450;2.0;Indonesia;0;2020-03-21;38;20;81;6
290;432;74.0;Singapore;14;2020-03-21;2;140;47;2
366;411;6.0;Thailand;7;2020-03-21;1;44;89;0
376;392;11.0;Saudi Arabia;0;2020-03-21;0;16;48;0
382;383;184.0;Slovenia;12;2020-03-21;1;0;42;0
315;367;19.0;Romania;14;2020-03-21;0;52;59;0
304;332;0.0;India;0;2020-03-21;5;23;83;0
312;318;10.0;Peru;5;2020-03-21;5;1;55;1
184;310;182.0;Bahrain;4;2020-03-21;1;125;12;0
275;307;3.0;Philippines;1;2020-03-21;19;13;77;1
289;306;2.0;Russia;0;2020-03-21;1;16;53;0
304;306;231.0;Estonia;1;2020-03-21;0;2;23;0
242;294;3.0;Egypt;0;2020-03-21;10;42;9;2
171;273;36.0;Hong Kong;4;2020-03-21;4;98;17;0
238;240;4.0;South Africa;0;2020-03-21;0;2;38;0
218;230;34.0;Lebanon;4;2020-03-21;4;8;53;0
146;214;5.0;Iraq;0;2020-03-21;17;51;6;0
200;206;50.0;Croatia;0;2020-03-21;1;5;76;0
197;203;2.0;Mexico;1;2020-03-21;2;4;39;1
198;200;46.0;Panama;7;2020-03-21;1;1;0;0
195;196;4.0;Colombia;0;2020-03-21;0;1;51;0
171;178;33.0;Slovakia;2;2020-03-21;0;7;41;0
149;176;41.0;Kuwait;5;2020-03-21;0;27;17;0
168;171;20.0;Serbia;4;2020-03-21;1;2;36;0
157;163;23.0;Bulgaria;3;2020-03-21;3;3;36;0
159;160;54.0;Armenia;2;2020-03-21;0;1;24;0
151;158;3.0;Argentina;0;2020-03-21;4;3;0;1
123;153;6.0;Taiwan;0;2020-03-21;2;28;18;0
113;153;15.0;UAE;2;2020-03-21;2;38;13;0
127;151;4450.0;San Marino;12;2020-03-21;20;4;0;6
59;139;3.0;Algeria;0;2020-03-21;15;65;45;4
123;124;66.0;Latvia;0;2020-03-21;0;1;13;0
113;117;23.0;Costa Rica;2;2020-03-21;2;2;4;0
109;112;10.0;Dominican Republic;0;2020-03-21;3;0;40;1
110;110;32.0;Uruguay;0;2020-03-21;0;0;0;0
92;103;11.0;Hungary;6;2020-03-21;4;7;18;0
97;99;36.0;Lithuania;1;2020-03-21;1;1;30;0
98;99;10.0;Jordan;0;2020-03-21;0;1;15;0
90;96;3.0;Morocco;1;2020-03-21;3;3;10;0
77;94;1.0;Vietnam;2;2020-03-21;0;17;3;0
90;93;28.0;Bosnia and Herzegovina;1;2020-03-21;1;2;4;1
89;92;1883.0;Faeroe Islands;0;2020-03-21;0;3;12;0
87;88;1139.0;Andorra;2;2020-03-21;0;1;13;0
84;85;41.0;North Macedonia;1;2020-03-21;0;1;9;0
84;84;70.0;Cyprus;1;2020-03-21;0;0;9;0
82;83;190.0;Brunei;2;2020-03-21;0;1;5;0
78;80;20.0;Moldova;3;2020-03-21;1;1;14;0
74;77;4.0;Sri Lanka;2;2020-03-21;0;3;4;0
72;76;26.0;Albania;2;2020-03-21;2;2;6;0
61;76;8.0;Belarus;0;2020-03-21;0;15;7;0
71;73;165.0;Malta;1;2020-03-21;0;2;9;0
55;70;2.0;Venezuela;2;2020-03-21;0;15;5;0
56;64;3.0;Burkina Faso;0;2020-03-21;3;5;24;2
58;60;5.0;Tunisia;7;2020-03-21;1;1;6;0
41;53;5.0;Azerbaijan;0;2020-03-21;1;11;9;0
51;53;3.0;Cambodia;0;2020-03-21;0;2;2;0
53;53;3.0;Kazakhstan;0;2020-03-21;0;0;1;0
52;52;11.0;New Zealand;0;2020-03-21;0;0;0;0
39;52;10.0;Oman;0;2020-03-21;0;13;4;0
35;52;10.0;Palestine;0;2020-03-21;0;17;4;0
50;51;127.0;Guadeloupe;4;2020-03-21;1;0;0;0
48;49;12.0;Georgia;1;2020-03-21;0;1;5;0
49;49;35.0;Trinidad and Tobago;0;2020-03-21;0;0;40;0
43;47;1.0;Ukraine;0;2020-03-21;3;1;6;0
42;47;3.0;Senegal;0;2020-03-21;0;5;0;0
45;45;50.0;Réunion;0;2020-03-21;0;0;7;0
41;41;1.0;Uzbekistan;0;2020-03-21;0;0;8;0
37;37;970.0;Liechtenstein;0;2020-03-21;0;0;9;0
31;32;85.0;Martinique;7;2020-03-21;1;0;0;0
32;32;184.0;Channel Islands;0;2020-03-21;0;0;20;0
25;27;1.0;Cameroon;0;2020-03-21;0;2;0;0
19;24;0.0;Bangladesh;0;2020-03-21;2;3;4;1
23;24;0.0;Afghanistan;0;2020-03-21;0;1;0;0
24;24;2.0;Honduras;0;2020-03-21;0;0;0;0
23;23;0.0;DRC;0;2020-03-21;0;0;5;0
21;22;0.0;Nigeria;0;2020-03-21;0;1;10;0
20;21;2.0;Cuba;0;2020-03-21;1;0;0;0
16;19;6.0;Jamaica;0;2020-03-21;1;2;0;0
19;19;2.0;Bolivia;0;2020-03-21;0;0;3;0
19;19;0.0;Ghana;0;2020-03-21;0;0;3;0
17;18;3.0;Paraguay;1;2020-03-21;1;0;0;1
8;18;28.0;Macao;0;2020-03-21;0;10;1;0
17;18;459.0;Monaco;0;2020-03-21;0;1;7;0
18;18;60.0;French Guiana;0;2020-03-21;0;0;3;0
16;17;0.0;Guatemala;0;2020-03-21;1;0;5;0
17;17;6.0;Puerto Rico;0;2020-03-21;0;0;3;0
17;17;1.0;Rwanda;0;2020-03-21;0;0;0;0
16;16;2.0;Togo;0;2020-03-21;0;0;7;0
15;15;53.0;French Polynesia;0;2020-03-21;0;0;4;0
15;15;89.0;Guam;0;2020-03-21;0;0;1;0
13;14;11.0;Mauritius;0;2020-03-21;1;0;2;1
13;14;0.0;Ivory Coast;0;2020-03-21;0;1;5;0
14;14;2.0;Kyrgyzstan;0;2020-03-21;0;0;8;0
14;14;22.0;Montenegro;0;2020-03-21;0;0;0;0
10;13;24.0;Maldives;0;2020-03-21;0;3;0;0
8;10;297.0;Gibraltar;0;2020-03-21;0;2;0;0
10;10;3.0;Mongolia;0;2020-03-21;0;0;4;0
9;9;0.0;Ethiopia;0;2020-03-21;0;0;0;0
7;7;0.0;Kenya;0;2020-03-21;0;0;0;0
7;7;26.0;Mayotte;0;2020-03-21;0;0;0;0
7;7;71.0;Seychelles;0;2020-03-21;0;0;0;0
6;6;21.0;Barbados;0;2020-03-21;0;0;0;0
6;6;4.0;Equatorial Guinea;0;2020-03-21;0;0;0;0
6;6;0.0;Tanzania;0;2020-03-21;0;0;0;0
6;6;57.0;U.S. Virgin Islands;0;2020-03-21;0;0;3;0
4;5;6.0;Guyana;0;2020-03-21;1;0;0;0
4;5;47.0;Aruba;0;2020-03-21;0;1;0;0
3;4;2.0;Gabon;0;2020-03-21;1;0;0;0
4;4;10.0;Bahamas;0;2020-03-21;0;0;0;0
4;4;14.0;New Caledonia;0;2020-03-21;0;0;2;0
4;4;103.0;Saint Martin;0;2020-03-21;0;0;0;0
4;4;7.0;Suriname;0;2020-03-21;0;0;0;0
2;3;46.0;Cayman Islands;0;2020-03-21;1;0;0;0
2;3;18.0;Curaçao;0;2020-03-21;1;0;0;0
3;3;5.0;Cabo Verde;0;2020-03-21;0;0;2;0
3;3;0.0;CAR;0;2020-03-21;0;0;0;0
3;3;0.0;Congo;0;2020-03-21;0;0;0;0
3;3;0.0;El Salvador;0;2020-03-21;0;0;2;0
3;3;0.0;Liberia;0;2020-03-21;0;0;1;0
3;3;0.0;Madagascar;0;2020-03-21;0;0;0;0
3;3;1.0;Namibia;0;2020-03-21;0;0;0;0
3;3;304.0;St. Barth;0;2020-03-21;0;0;0;0
3;3;0.0;Zimbabwe;0;2020-03-21;0;0;2;0
1;2;0.0;Sudan;0;2020-03-21;1;0;0;0
2;2;0.0;Angola;0;2020-03-21;0;0;1;0
2;2;0.0;Benin;0;2020-03-21;0;0;0;0
2;2;32.0;Bermuda;0;2020-03-21;0;0;0;0
2;2;3.0;Bhutan;0;2020-03-21;0;0;0;0
2;2;2.0;Fiji;0;2020-03-21;0;0;1;0
2;2;35.0;Greenland;0;2020-03-21;0;0;0;0
2;2;0.0;Guinea;0;2020-03-21;0;0;0;0
2;2;0.0;Haiti;0;2020-03-21;0;0;0;0
2;2;24.0;Isle of Man;0;2020-03-21;0;0;0;0
2;2;0.0;Mauritania;0;2020-03-21;0;0;0;0
2;2;0.0;Nicaragua;0;2020-03-21;0;0;0;0
2;2;11.0;Saint Lucia;0;2020-03-21;0;0;0;0
2;2;0.0;Zambia;0;2020-03-21;0;0;0;0
0;1;0.0;Nepal;0;2020-03-21;0;1;0;0
1;1;10.0;Antigua and Barbuda;0;2020-03-21;0;0;0;0
1;1;0.0;Chad;0;2020-03-21;0;0;0;0
1;1;1.0;Djibouti;0;2020-03-21;0;0;0;0
1;1;0.0;Eritrea;0;2020-03-21;0;0;1;0
1;1;0.0;Gambia;0;2020-03-21;0;0;0;0
1;1;1248.0;Vatican City;0;2020-03-21;0;0;0;0
1;1;200.0;Montserrat;0;2020-03-21;0;0;0;0
1;1;0.0;Niger;0;2020-03-21;0;0;0;0
1;1;0.0;Papua New Guinea;0;2020-03-21;0;0;0;0
1;1;9.0;St. Vincent Grenadines;0;2020-03-21;0;0;0;0
1;1;23.0;Sint Maarten;0;2020-03-21;0;0;0;0
1;1;0.0;Somalia;0;2020-03-21;0;0;0;0
1;1;0.0;Eswatini;0;2020-03-21;0;0;0;0
1;1;0.0;Timor-Leste;0;2020-03-21;0;0;1;0
